price_key,registration_project_key,certificate_name,industry,project,subproject,training_type,training_stage,fee_category,market_price,effective_start_date,effective_end_date
1,1,安全管理人员,危化品（经营单位）,N/A,N/A,N/A,新训,培训费,800,1900-01-01,2099-12-31
2,1,安全管理人员,危化品（经营单位）,N/A,N/A,N/A,新训,理论考试费,100,1900-01-01,2099-12-31
3,1,安全管理人员,危化品（经营单位）,N/A,N/A,N/A,新训,实操考试费,100,1900-01-01,2099-12-31
4,1,安全管理人员,危化品（经营单位）,N/A,N/A,N/A,复训,培训费,640,1900-01-01,2099-12-31
5,1,安全管理人员,危化品（经营单位）,N/A,N/A,N/A,复训,理论考试费,100,1900-01-01,2099-12-31
6,1,安全管理人员,危化品（经营单位）,N/A,N/A,N/A,复训,实操考试费,100,1900-01-01,2099-12-31
7,1,安全管理人员,危化品（经营单位）,N/A,N/A,N/A,换证,培训费,720,1900-01-01,2099-12-31
8,1,安全管理人员,危化品（经营单位）,N/A,N/A,N/A,换证,理论考试费,100,1900-01-01,2099-12-31
9,1,安全管理人员,危化品（经营单位）,N/A,N/A,N/A,换证,实操考试费,100,1900-01-01,2099-12-31
10,2,职业卫生,N/A,N/A,N/A,N/A,新训,培训费,500,1900-01-01,2099-12-31
11,2,职业卫生,N/A,N/A,N/A,N/A,新训,理论考试费,100,1900-01-01,2099-12-31
12,2,职业卫生,N/A,N/A,N/A,N/A,新训,实操考试费,100,1900-01-01,2099-12-31
13,2,职业卫生,N/A,N/A,N/A,N/A,复训,培训费,400,1900-01-01,2099-12-31
14,2,职业卫生,N/A,N/A,N/A,N/A,复训,理论考试费,100,1900-01-01,2099-12-31
15,2,职业卫生,N/A,N/A,N/A,N/A,复训,实操考试费,100,1900-01-01,2099-12-31
16,2,职业卫生,N/A,N/A,N/A,N/A,换证,培训费,450,1900-01-01,2099-12-31
17,2,职业卫生,N/A,N/A,N/A,N/A,换证,理论考试费,100,1900-01-01,2099-12-31
18,2,职业卫生,N/A,N/A,N/A,N/A,换证,实操考试费,100,1900-01-01,2099-12-31
19,3,其他从业人员,N/A,N/A,N/A,其他,新训,培训费,400,1900-01-01,2099-12-31
20,3,其他从业人员,N/A,N/A,N/A,其他,新训,理论考试费,100,1900-01-01,2099-12-31
21,3,其他从业人员,N/A,N/A,N/A,其他,新训,实操考试费,100,1900-01-01,2099-12-31
22,3,其他从业人员,N/A,N/A,N/A,其他,复训,培训费,320,1900-01-01,2099-12-31
23,3,其他从业人员,N/A,N/A,N/A,其他,复训,理论考试费,100,1900-01-01,2099-12-31
24,3,其他从业人员,N/A,N/A,N/A,其他,复训,实操考试费,100,1900-01-01,2099-12-31
25,3,其他从业人员,N/A,N/A,N/A,其他,换证,培训费,360,1900-01-01,2099-12-31
26,3,其他从业人员,N/A,N/A,N/A,其他,换证,理论考试费,100,1900-01-01,2099-12-31
27,3,其他从业人员,N/A,N/A,N/A,其他,换证,实操考试费,100,1900-01-01,2099-12-31
28,4,其他从业人员,N/A,N/A,N/A,有限空间,新训,培训费,600,1900-01-01,2099-12-31
29,4,其他从业人员,N/A,N/A,N/A,有限空间,新训,理论考试费,100,1900-01-01,2099-12-31
30,4,其他从业人员,N/A,N/A,N/A,有限空间,新训,实操考试费,100,1900-01-01,2099-12-31
31,4,其他从业人员,N/A,N/A,N/A,有限空间,复训,培训费,480,1900-01-01,2099-12-31
32,4,其他从业人员,N/A,N/A,N/A,有限空间,复训,理论考试费,100,1900-01-01,2099-12-31
33,4,其他从业人员,N/A,N/A,N/A,有限空间,复训,实操考试费,100,1900-01-01,2099-12-31
34,4,其他从业人员,N/A,N/A,N/A,有限空间,换证,培训费,540,1900-01-01,2099-12-31
35,4,其他从业人员,N/A,N/A,N/A,有限空间,换证,理论考试费,100,1900-01-01,2099-12-31
36,4,其他从业人员,N/A,N/A,N/A,有限空间,换证,实操考试费,100,1900-01-01,2099-12-31
37,5,特种设备,N/A,N/A,N/A,N/A,新训,培训费,1000,1900-01-01,2099-12-31
38,5,特种设备,N/A,N/A,N/A,N/A,新训,理论考试费,N/A,1900-01-01,2099-12-31
39,5,特种设备,N/A,N/A,N/A,N/A,新训,实操考试费,N/A,1900-01-01,2099-12-31
40,5,特种设备,N/A,N/A,N/A,N/A,复训,培训费,800,1900-01-01,2099-12-31
41,5,特种设备,N/A,N/A,N/A,N/A,复训,理论考试费,N/A,1900-01-01,2099-12-31
42,5,特种设备,N/A,N/A,N/A,N/A,复训,实操考试费,N/A,1900-01-01,2099-12-31
43,5,特种设备,N/A,N/A,N/A,N/A,换证,培训费,900,1900-01-01,2099-12-31
44,5,特种设备,N/A,N/A,N/A,N/A,换证,理论考试费,N/A,1900-01-01,2099-12-31
45,5,特种设备,N/A,N/A,N/A,N/A,换证,实操考试费,N/A,1900-01-01,2099-12-31
46,6,特种作业,N/A,电工作业,低压电工作业,N/A,新训,培训费,900,1900-01-01,2099-12-31
47,6,特种作业,N/A,电工作业,低压电工作业,N/A,新训,理论考试费,100,1900-01-01,2099-12-31
48,6,特种作业,N/A,电工作业,低压电工作业,N/A,新训,实操考试费,100,1900-01-01,2099-12-31
49,6,特种作业,N/A,电工作业,低压电工作业,N/A,复训,培训费,720,1900-01-01,2099-12-31
50,6,特种作业,N/A,电工作业,低压电工作业,N/A,复训,理论考试费,100,1900-01-01,2099-12-31
51,6,特种作业,N/A,电工作业,低压电工作业,N/A,复训,实操考试费,100,1900-01-01,2099-12-31
52,6,特种作业,N/A,电工作业,低压电工作业,N/A,换证,培训费,810,1900-01-01,2099-12-31
53,6,特种作业,N/A,电工作业,低压电工作业,N/A,换证,理论考试费,100,1900-01-01,2099-12-31
54,6,特种作业,N/A,电工作业,低压电工作业,N/A,换证,实操考试费,100,1900-01-01,2099-12-31
