training_policy_key,certificate_name,industry,project,subproject,training_type,training_stage,training_required,training_format,effective_start_date,effective_end_date,is_current
1,安全管理人员,危化品（经营单位）,N/A,N/A,N/A,新训,是,演示培训,1900-01-01,2099-12-31,Y
2,安全管理人员,危化品（经营单位）,N/A,N/A,N/A,复训,是,演示培训,1900-01-01,2099-12-31,Y
3,安全管理人员,危化品（经营单位）,N/A,N/A,N/A,换证,是,演示培训,1900-01-01,2099-12-31,Y
4,职业卫生,N/A,N/A,N/A,N/A,新训,是,演示培训,1900-01-01,2099-12-31,Y
5,职业卫生,N/A,N/A,N/A,N/A,复训,是,演示培训,1900-01-01,2099-12-31,Y
6,职业卫生,N/A,N/A,N/A,N/A,换证,是,演示培训,1900-01-01,2099-12-31,Y
7,其他从业人员,N/A,N/A,N/A,其他,新训,是,演示培训,1900-01-01,2099-12-31,Y
8,其他从业人员,N/A,N/A,N/A,其他,复训,是,演示培训,1900-01-01,2099-12-31,Y
9,其他从业人员,N/A,N/A,N/A,其他,换证,是,演示培训,1900-01-01,2099-12-31,Y
10,其他从业人员,N/A,N/A,N/A,有限空间,新训,是,演示培训,1900-01-01,2099-12-31,Y
11,其他从业人员,N/A,N/A,N/A,有限空间,复训,是,演示培训,1900-01-01,2099-12-31,Y
12,其他从业人员,N/A,N/A,N/A,有限空间,换证,是,演示培训,1900-01-01,2099-12-31,Y
13,特种设备,N/A,N/A,N/A,N/A,新训,是,演示培训,1900-01-01,2099-12-31,Y
14,特种设备,N/A,N/A,N/A,N/A,复训,是,演示培训,1900-01-01,2099-12-31,Y
15,特种设备,N/A,N/A,N/A,N/A,换证,是,演示培训,1900-01-01,2099-12-31,Y
16,特种作业,N/A,电工作业,低压电工作业,N/A,新训,是,演示培训,1900-01-01,2099-12-31,Y
17,特种作业,N/A,电工作业,低压电工作业,N/A,复训,是,演示培训,1900-01-01,2099-12-31,Y
18,特种作业,N/A,电工作业,低压电工作业,N/A,换证,是,演示培训,1900-01-01,2099-12-31,Y
